-- MariaDB dump 10.19  Distrib 10.5.23-MariaDB, for debian-linux-gnueabihf (armv8l)
--
-- Host: localhost    Database: new-sealable
-- ------------------------------------------------------
-- Server version	10.5.23-MariaDB-0+deb11u1

/*!40101 SET @OLD_CHARACTER_SET_CLIENT=@@CHARACTER_SET_CLIENT */;
/*!40101 SET @OLD_CHARACTER_SET_RESULTS=@@CHARACTER_SET_RESULTS */;
/*!40101 SET @OLD_COLLATION_CONNECTION=@@COLLATION_CONNECTION */;
/*!40101 SET NAMES utf8mb4 */;
/*!40103 SET @OLD_TIME_ZONE=@@TIME_ZONE */;
/*!40103 SET TIME_ZONE='+00:00' */;
/*!40014 SET @OLD_UNIQUE_CHECKS=@@UNIQUE_CHECKS, UNIQUE_CHECKS=0 */;
/*!40014 SET @OLD_FOREIGN_KEY_CHECKS=@@FOREIGN_KEY_CHECKS, FOREIGN_KEY_CHECKS=0 */;
/*!40101 SET @OLD_SQL_MODE=@@SQL_MODE, SQL_MODE='NO_AUTO_VALUE_ON_ZERO' */;
/*!40111 SET @OLD_SQL_NOTES=@@SQL_NOTES, SQL_NOTES=0 */;

--
-- Table structure for table `bin`
--

DROP TABLE IF EXISTS `bin`;
/*!40101 SET @saved_cs_client     = @@character_set_client */;
/*!40101 SET character_set_client = utf8 */;
CREATE TABLE `bin` (
  `id` int(11) NOT NULL AUTO_INCREMENT,
  `name` varchar(100) NOT NULL,
  `weight` decimal(11,2) NOT NULL,
  `max_weight` decimal(10,2) NOT NULL,
  `IdWaste` int(11) NOT NULL,
  `name_hostname` varchar(100) NOT NULL,
  PRIMARY KEY (`id`),
  KEY `bin_ibfk_1` (`IdWaste`),
  CONSTRAINT `bin_ibfk_1` FOREIGN KEY (`IdWaste`) REFERENCES `waste` (`id`)
) ENGINE=InnoDB AUTO_INCREMENT=37 DEFAULT CHARSET=utf8mb4 COLLATE=utf8mb4_general_ci;
/*!40101 SET character_set_client = @saved_cs_client */;

--
-- Dumping data for table `bin`
--

LOCK TABLES `bin` WRITE;
/*!40000 ALTER TABLE `bin` DISABLE KEYS */;
INSERT INTO `bin` VALUES (13,'2-PCL-WR-1',0.54,100.00,1,'PCL-01'),(14,'2-PCL-CR-2',1.08,100.00,5,'PCL-02'),(15,'2-PCL-TR-3',5.83,100.00,2,'PCL-03'),(16,'2-PCL-TR-4',3.32,100.00,2,'PCL-04'),(17,'2-PCL-TR-5',3.69,100.00,2,'PCL-05'),(18,'2-PCL-TR-6',11.23,100.00,2,'PCL-06'),(19,'2-PCL-TR-7',11.20,100.00,2,'PCL-07'),(20,'2-PCL-PD-8',29.36,100.00,6,'PCL-08'),(21,'2-PCL-SD-9',11.77,100.00,3,'PCL-09'),(22,'2-PCL-SP-5',0.00,100.00,4,'PCL-10'),(23,'2-PCL-PD-8',11.78,100.00,7,'PCL-08'),(24,'2-PCL-SP-3',0.00,100.00,4,'PCL-10'),(25,'2-PCL-SP-4',0.00,100.00,4,'PCL-10'),(26,'2-PCL-SP-6',0.00,100.00,4,'PCL-10'),(27,'2-PCL-SP-7',0.00,100.00,4,'PCL-10'),(28,'2-PCL-SP-8',0.00,100.00,4,'PCL-10'),(29,'2-PCL-SP-9',0.00,100.00,4,'PCL-10'),(30,'2-PCL-SP-10',0.00,100.00,4,'PCL-10'),(31,'2-PCL-SP-11',0.00,100.00,4,'PCL-10'),(32,'2-PCL-SP-12',0.00,100.00,4,'PCL-10'),(33,'2-PCL-SP-13',0.00,100.00,4,'PCL-10'),(34,'2-PCL-SP-14',0.00,100.00,4,'PCL-10'),(35,'2-PCL-SP-15',0.00,100.00,4,'PCL-10'),(36,'2-PCL-SP-16',0.00,100.00,4,'PCL-10');
/*!40000 ALTER TABLE `bin` ENABLE KEYS */;
UNLOCK TABLES;

--
-- Table structure for table `collection`
--

DROP TABLE IF EXISTS `collection`;
/*!40101 SET @saved_cs_client     = @@character_set_client */;
/*!40101 SET character_set_client = utf8 */;
CREATE TABLE `collection` (
  `id` int(11) NOT NULL,
  `Idbadge` int(11) NOT NULL,
  `Idcontainer` int(11) NOT NULL,
  `Idwaste` int(11) NOT NULL,
  `CreatedAt` datetime NOT NULL
) ENGINE=InnoDB DEFAULT CHARSET=utf8mb4 COLLATE=utf8mb4_general_ci;
/*!40101 SET character_set_client = @saved_cs_client */;

--
-- Dumping data for table `collection`
--

LOCK TABLES `collection` WRITE;
/*!40000 ALTER TABLE `collection` DISABLE KEYS */;
/*!40000 ALTER TABLE `collection` ENABLE KEYS */;
UNLOCK TABLES;

--
-- Table structure for table `container`
--

DROP TABLE IF EXISTS `container`;
/*!40101 SET @saved_cs_client     = @@character_set_client */;
/*!40101 SET character_set_client = utf8 */;
CREATE TABLE `container` (
  `containerId` int(11) NOT NULL AUTO_INCREMENT,
  `name` varchar(100) NOT NULL,
  `station` varchar(100) NOT NULL,
  `IdWaste` int(11) NOT NULL,
  `weightbin` decimal(18,2) NOT NULL,
  `status` int(11) NOT NULL,
  `type` varchar(100) NOT NULL,
  PRIMARY KEY (`containerId`),
  KEY `container_ibfk_1` (`IdWaste`),
  CONSTRAINT `container_ibfk_1` FOREIGN KEY (`IdWaste`) REFERENCES `waste` (`id`)
) ENGINE=InnoDB AUTO_INCREMENT=630 DEFAULT CHARSET=utf8mb4 COLLATE=utf8mb4_general_ci;
/*!40101 SET character_set_client = @saved_cs_client */;

--
-- Dumping data for table `container`
--

LOCK TABLES `container` WRITE;
/*!40000 ALTER TABLE `container` DISABLE KEYS */;
INSERT INTO `container` VALUES (317,'1-PCL-WR-WI-3-7','2-PCL-WR',1,0.06,0,'Dispose'),(318,'1-PCL-WR-WI-3-8','2-PCL-WR',1,0.06,0,'Dispose'),(319,'1-PCL-WR-WI-3-9','2-PCL-WR',1,0.06,0,'Dispose'),(320,'1-PCL-WR-WI-4-10','2-PCL-WR',1,0.06,0,'Dispose'),(321,'1-PCL-WR-WI-4-11','2-PCL-WR',1,0.06,0,'Dispose'),(322,'1-PCL-WR-WI-4-12','2-PCL-WR',1,0.06,0,'Dispose'),(323,'1-PCL-WR-WI-5-13','2-PCL-WR',1,0.06,0,'Dispose'),(324,'1-PCL-WR-WI-5-14','2-PCL-WR',1,0.06,0,'Dispose'),(325,'1-PCL-WR-WI-5-15','2-PCL-WR',1,0.06,0,'Dispose'),(326,'1-PCL-WR-WI-6-16','2-PCL-WR',1,0.06,0,'Dispose'),(327,'1-PCL-WR-WI-6-17','2-PCL-WR',1,0.06,0,'Dispose'),(328,'1-PCL-WR-WI-6-18','2-PCL-WR',1,0.06,0,'Dispose'),(329,'1-PCL-WR-WI-7-19','2-PCL-WR',1,0.06,0,'Dispose'),(330,'1-PCL-WR-WI-7-20','2-PCL-WR',1,0.06,0,'Dispose'),(331,'1-PCL-WR-WI-7-21','2-PCL-WR',1,0.06,0,'Dispose'),(332,'1-PCL-WR-WI-8-22','2-PCL-WR',1,0.06,0,'Dispose'),(333,'1-PCL-WR-WI-8-23','2-PCL-WR',1,0.06,0,'Dispose'),(334,'1-PCL-WR-WI-8-24','2-PCL-WR',1,0.06,0,'Dispose'),(335,'1-PCL-WR-WI-9-25','2-PCL-WR',1,0.06,0,'Dispose'),(336,'1-PCL-WR-WI-9-26','2-PCL-WR',1,0.06,0,'Dispose'),(337,'1-PCL-WR-WI-9-27','2-PCL-WR',1,0.06,0,'Dispose'),(338,'1-PCL-WR-WI-10-28','2-PCL-WR',1,0.06,0,'Dispose'),(339,'1-PCL-WR-WI-10-29','2-PCL-WR',1,0.06,0,'Dispose'),(340,'1-PCL-WR-WI-10-30','2-PCL-WR',1,0.06,0,'Dispose'),(341,'1-PCL-WR-WI-11-31','2-PCL-WR',1,0.06,0,'Dispose'),(342,'1-PCL-WR-WI-11-32','2-PCL-WR',1,0.06,0,'Dispose'),(343,'1-PCL-WR-WI-11-33','2-PCL-WR',1,0.06,0,'Dispose'),(344,'1-PCL-WR-WI-12-34','2-PCL-WR',1,0.06,0,'Dispose'),(345,'1-PCL-WR-WI-12-35','2-PCL-WR',1,0.06,0,'Dispose'),(346,'1-PCL-WR-WI-12-36','2-PCL-WR',1,0.06,0,'Dispose'),(347,'1-PCL-WR-WI-13-37','2-PCL-WR',1,0.06,0,'Dispose'),(348,'1-PCL-WR-WI-13-38','2-PCL-WR',1,0.06,0,'Dispose'),(349,'1-PCL-WR-WI-13-39','2-PCL-WR',1,0.06,0,'Dispose'),(350,'1-PCL-WR-WI-14-40','2-PCL-WR',1,0.06,0,'Dispose'),(351,'1-PCL-WR-WI-14-41','2-PCL-WR',1,0.06,0,'Dispose'),(352,'1-PCL-WR-WI-14-42','2-PCL-WR',1,0.06,0,'Dispose'),(353,'1-PCL-WR-WI-15-43','2-PCL-WR',1,0.06,0,'Dispose'),(354,'1-PCL-WR-WI-15-44','2-PCL-WR',1,0.06,0,'Dispose'),(355,'1-PCL-WR-WI-15-45','2-PCL-WR',1,0.06,0,'Dispose'),(356,'1-PCL-WR-WI-16-46','2-PCL-WR',1,0.06,0,'Dispose'),(357,'1-PCL-WR-WI-16-47','2-PCL-WR',1,0.06,0,'Dispose'),(358,'1-PCL-WR-WI-16-48','2-PCL-WR',1,0.06,0,'Dispose'),(359,'1-PCL-WR-WE-7-19','2-PCL-WR',1,0.06,0,'Dispose'),(360,'1-PCL-WR-WE-7-20','2-PCL-WR',1,0.06,0,'Dispose'),(361,'1-PCL-WR-WE-7-21','2-PCL-WR',1,0.06,0,'Dispose'),(362,'1-PCL-WR-WE-10-28','2-PCL-WR',1,0.06,0,'Dispose'),(363,'1-PCL-WR-WE-10-29','2-PCL-WR',1,0.06,0,'Dispose'),(364,'1-PCL-WR-WE-10-30','2-PCL-WR',1,0.06,0,'Dispose'),(365,'1-PCL-WR-WE-11-31','2-PCL-WR',1,0.06,0,'Dispose'),(366,'1-PCL-WR-WE-11-32','2-PCL-WR',1,0.06,0,'Dispose'),(367,'1-PCL-WR-WE-11-33','2-PCL-WR',1,0.06,0,'Dispose'),(368,'1-PCL-WR-WE-12-34','2-PCL-WR',1,0.06,0,'Dispose'),(369,'1-PCL-WR-WE-12-35','2-PCL-WR',1,0.06,0,'Dispose'),(370,'1-PCL-WR-WE-12-36','2-PCL-WR',1,0.06,0,'Dispose'),(371,'1-PCL-WR-WE-13-37','2-PCL-WR',1,0.06,0,'Dispose'),(372,'1-PCL-WR-WE-13-38','2-PCL-WR',1,0.06,0,'Dispose'),(373,'1-PCL-WR-WE-13-39','2-PCL-WR',1,0.06,0,'Dispose'),(374,'1-PCL-WR-WE-14-40','2-PCL-WR',1,0.06,0,'Dispose'),(375,'1-PCL-WR-WE-14-41','2-PCL-WR',1,0.06,0,'Dispose'),(376,'1-PCL-WR-WE-14-42','2-PCL-WR',1,0.06,0,'Dispose'),(377,'1-PCL-WR-WE-15-43','2-PCL-WR',1,0.06,0,'Dispose'),(378,'1-PCL-WR-WE-15-44','2-PCL-WR',1,0.06,0,'Dispose'),(379,'1-PCL-WR-WE-15-45','2-PCL-WR',1,0.06,0,'Dispose'),(380,'1-PCL-WR-WE-16-46','2-PCL-WR',1,0.06,0,'Dispose'),(381,'1-PCL-WR-WE-16-47','2-PCL-WR',1,0.06,0,'Dispose'),(382,'1-PCL-WR-WE-16-48','2-PCL-WR',1,0.06,0,'Dispose'),(383,'1-PCL-WR-WE-3-7','2-PCL-WR',1,0.06,0,'Dispose'),(384,'1-PCL-WR-WE-3-8','2-PCL-WR',1,0.06,0,'Dispose'),(385,'1-PCL-WR-WE-3-9','2-PCL-WR',1,0.06,0,'Dispose'),(386,'1-PCL-WR-WE-4-10','2-PCL-WR',1,0.06,0,'Dispose'),(387,'1-PCL-WR-WE-4-11','2-PCL-WR',1,0.06,0,'Dispose'),(388,'1-PCL-WR-WE-4-12','2-PCL-WR',1,0.06,0,'Dispose'),(389,'1-PCL-WR-WE-5-13','2-PCL-WR',1,0.06,0,'Dispose'),(390,'1-PCL-WR-WE-5-14','2-PCL-WR',1,0.06,0,'Dispose'),(391,'1-PCL-WR-WE-5-15','2-PCL-WR',1,0.06,0,'Dispose'),(392,'1-PCL-WR-WE-6-16','2-PCL-WR',1,0.06,0,'Dispose'),(393,'1-PCL-WR-WE-6-17','2-PCL-WR',1,0.06,0,'Dispose'),(394,'1-PCL-WR-WE-6-18','2-PCL-WR',1,0.06,0,'Dispose'),(395,'1-PCL-WR-WE-8-22','2-PCL-WR',1,0.06,0,'Dispose'),(396,'1-PCL-WR-WE-8-23','2-PCL-WR',1,0.06,0,'Dispose'),(397,'1-PCL-WR-WE-8-24','2-PCL-WR',1,0.06,0,'Dispose'),(398,'1-PCL-WR-WE-9-25','2-PCL-WR',1,0.06,0,'Dispose'),(399,'1-PCL-WR-WE-9-26','2-PCL-WR',1,0.06,0,'Dispose'),(400,'1-PCL-WR-WE-9-27','2-PCL-WR',1,0.06,0,'Dispose'),(401,'1-PCL-CR-TF-3-1','2-PCL-CR-M',5,0.37,0,'Dispose'),(402,'1-PCL-CR-TF-4-1','2-PCL-CR-M',5,0.37,0,'Dispose'),(403,'1-PCL-CR-TF-5-1','2-PCL-CR-M',5,0.37,0,'Dispose'),(404,'1-PCL-CR-TF-6-1','2-PCL-CR-M',5,0.37,0,'Dispose'),(405,'1-PCL-CR-TF-7-1','2-PCL-CR-M',5,0.37,0,'Dispose'),(406,'1-PCL-CR-TF-8-1','2-PCL-CR-M',5,0.37,0,'Dispose'),(407,'1-PCL-CR-TF-9-1','2-PCL-CR-M',5,0.37,0,'Dispose'),(408,'1-PCL-CR-TF-10-1','2-PCL-CR-M',5,0.37,0,'Dispose'),(409,'1-PCL-CR-TF-11-1','2-PCL-CR-M',5,0.37,0,'Dispose'),(410,'1-PCL-CR-TF-12-1','2-PCL-CR-M',5,0.37,0,'Dispose'),(411,'1-PCL-CR-TF-13-1','2-PCL-CR-M',5,0.37,0,'Dispose'),(412,'1-PCL-CR-TF-14-1','2-PCL-CR-M',5,0.37,0,'Dispose'),(413,'1-PCL-CR-TF-15-1','2-PCL-CR-M',5,0.37,0,'Dispose'),(414,'1-PCL-CR-TF-16-1','2-PCL-CR-M',5,0.37,0,'Dispose'),(415,'1-PCL-TR-WE-10-28','2-PCL-TR',2,0.50,0,'Dispose'),(416,'1-PCL-TR-WE-10-29','2-PCL-TR',2,0.50,0,'Dispose'),(417,'1-PCL-TR-WE-10-30','2-PCL-TR',2,0.50,0,'Dispose'),(418,'1-PCL-TR-WE-11-31','2-PCL-TR',2,0.50,0,'Dispose'),(419,'1-PCL-TR-WE-11-32','2-PCL-TR',2,0.50,0,'Dispose'),(420,'1-PCL-TR-WE-11-33','2-PCL-TR',2,0.50,0,'Dispose'),(421,'1-PCL-TR-WE-12-34','2-PCL-TR',2,0.50,0,'Dispose'),(422,'1-PCL-TR-WE-12-35','2-PCL-TR',2,0.50,0,'Dispose'),(423,'1-PCL-TR-WE-12-36','2-PCL-TR',2,0.50,0,'Dispose'),(424,'1-PCL-TR-WE-13-37','2-PCL-TR',2,0.50,0,'Dispose'),(425,'1-PCL-TR-WE-13-38','2-PCL-TR',2,0.50,0,'Dispose'),(426,'1-PCL-TR-WE-13-39','2-PCL-TR',2,0.50,0,'Dispose'),(427,'1-PCL-TR-WE-14-40','2-PCL-TR',2,0.50,0,'Dispose'),(428,'1-PCL-TR-WE-14-41','2-PCL-TR',2,0.50,0,'Dispose'),(429,'1-PCL-TR-WE-14-42','2-PCL-TR',2,0.50,0,'Dispose'),(430,'1-PCL-TR-WE-15-43','2-PCL-TR',2,0.50,0,'Dispose'),(431,'1-PCL-TR-WE-15-44','2-PCL-TR',2,0.50,0,'Dispose'),(432,'1-PCL-TR-WE-15-45','2-PCL-TR',2,0.50,0,'Dispose'),(433,'1-PCL-TR-WE-16-46','2-PCL-TR',2,0.50,0,'Dispose'),(434,'1-PCL-TR-WE-16-47','2-PCL-TR',2,0.50,0,'Dispose'),(435,'1-PCL-TR-WE-16-48','2-PCL-TR',2,0.50,0,'Dispose'),(436,'1-PCL-TR-WE-3-7','2-PCL-TR',2,0.50,0,'Dispose'),(437,'1-PCL-TR-WE-3-8','2-PCL-TR',2,0.50,0,'Dispose'),(438,'1-PCL-TR-WE-3-9','2-PCL-TR',2,0.50,0,'Dispose'),(439,'1-PCL-TR-WE-4-10','2-PCL-TR',2,0.50,0,'Dispose'),(440,'1-PCL-TR-WE-4-11','2-PCL-TR',2,0.50,0,'Dispose'),(441,'1-PCL-TR-WE-4-12','2-PCL-TR',2,0.50,0,'Dispose'),(442,'1-PCL-TR-WE-5-13','2-PCL-TR',2,0.50,0,'Dispose'),(443,'1-PCL-TR-WE-5-14','2-PCL-TR',2,0.50,0,'Dispose'),(444,'1-PCL-TR-WE-5-15','2-PCL-TR',2,0.50,0,'Dispose'),(445,'1-PCL-TR-WE-6-16','2-PCL-TR',2,0.50,0,'Dispose'),(446,'1-PCL-TR-WE-6-17','2-PCL-TR',2,0.50,0,'Dispose'),(447,'1-PCL-TR-WE-6-18','2-PCL-TR',2,0.50,0,'Dispose'),(448,'1-PCL-TR-WE-7-19','2-PCL-TR',2,0.50,0,'Dispose'),(449,'1-PCL-TR-WE-7-20','2-PCL-TR',2,0.50,0,'Dispose'),(450,'1-PCL-TR-WE-7-21','2-PCL-TR',2,0.50,0,'Dispose'),(451,'1-PCL-TR-WE-8-22','2-PCL-TR',2,0.50,0,'Dispose'),(452,'1-PCL-TR-WE-8-23','2-PCL-TR',2,0.50,0,'Dispose'),(453,'1-PCL-TR-WE-8-24','2-PCL-TR',2,0.50,0,'Dispose'),(454,'1-PCL-TR-WE-9-25','2-PCL-TR',2,0.50,0,'Dispose'),(455,'1-PCL-TR-WE-9-26','2-PCL-TR',2,0.50,0,'Dispose'),(456,'1-PCL-TR-WE-9-27','2-PCL-TR',2,0.50,0,'Dispose'),(457,'1-PCL-TR-CS-10-1','2-PCL-TR',2,0.50,0,'Dispose'),(458,'1-PCL-TR-CS-11-1','2-PCL-TR',2,0.50,0,'Dispose'),(459,'1-PCL-TR-CS-12-1','2-PCL-TR',2,0.50,0,'Dispose'),(460,'1-PCL-TR-CS-13-1','2-PCL-TR',2,0.50,0,'Dispose'),(461,'1-PCL-TR-CS-14-1','2-PCL-TR',2,0.50,0,'Dispose'),(462,'1-PCL-TR-CS-15-1','2-PCL-TR',2,0.50,0,'Dispose'),(463,'1-PCL-TR-CS-16-1','2-PCL-TR',2,0.50,0,'Dispose'),(464,'1-PCL-TR-CS-3-1','2-PCL-TR',2,0.50,0,'Dispose'),(465,'1-PCL-TR-CS-4-1','2-PCL-TR',2,0.50,0,'Dispose'),(466,'1-PCL-TR-CS-5-1','2-PCL-TR',2,0.50,0,'Dispose'),(467,'1-PCL-TR-CS-6-1','2-PCL-TR',2,0.50,0,'Dispose'),(468,'1-PCL-TR-CS-7-1','2-PCL-TR',2,0.50,0,'Dispose'),(469,'1-PCL-TR-CS-8-1','2-PCL-TR',2,0.50,0,'Dispose'),(470,'1-PCL-TR-CS-9-1','2-PCL-TR',2,0.50,0,'Dispose'),(471,'1-PCL-TR-CR-10-1','2-PCL-TR',2,0.50,0,'Dispose'),(472,'1-PCL-TR-CR-11-1','2-PCL-TR',2,0.50,0,'Dispose'),(473,'1-PCL-TR-CR-12-1','2-PCL-TR',2,0.50,0,'Dispose'),(474,'1-PCL-TR-CR-13-1','2-PCL-TR',2,0.50,0,'Dispose'),(475,'1-PCL-TR-CR-14-1','2-PCL-TR',2,0.50,0,'Dispose'),(476,'1-PCL-TR-CR-15-1','2-PCL-TR',2,0.50,0,'Dispose'),(477,'1-PCL-TR-CR-16-1','2-PCL-TR',2,0.50,0,'Dispose'),(478,'1-PCL-TR-CR-3-1','2-PCL-TR',2,0.50,0,'Dispose'),(479,'1-PCL-TR-CR-4-1','2-PCL-TR',2,0.50,0,'Dispose'),(480,'1-PCL-TR-CR-5-1','2-PCL-TR',2,0.50,0,'Dispose'),(481,'1-PCL-TR-CR-6-1','2-PCL-TR',2,0.50,0,'Dispose'),(482,'1-PCL-TR-CR-7-1','2-PCL-TR',2,0.50,0,'Dispose'),(483,'1-PCL-TR-CR-8-1','2-PCL-TR',2,0.50,0,'Dispose'),(484,'1-PCL-TR-CR-9-1','2-PCL-TR',2,0.50,0,'Dispose'),(485,'1-PCL-PD-CP-3-1','2-PCL-PD',7,0.06,0,'Dispose'),(486,'1-PCL-PD-CP-4-1','2-PCL-PD',7,0.06,0,'Dispose'),(487,'1-PCL-PD-CP-5-1','2-PCL-PD',7,0.06,0,'Dispose'),(488,'1-PCL-PD-CP-6-1','2-PCL-PD',7,0.06,0,'Dispose'),(489,'1-PCL-PD-CP-7-1','2-PCL-PD',7,0.06,0,'Dispose'),(490,'1-PCL-PD-CP-8-1','2-PCL-PD',7,0.06,0,'Dispose'),(491,'1-PCL-PD-CP-9-1','2-PCL-PD',7,0.06,0,'Dispose'),(492,'1-PCL-PD-CP-10-1','2-PCL-PD',7,0.06,0,'Dispose'),(493,'1-PCL-PD-CP-11-1','2-PCL-PD',7,0.06,0,'Dispose'),(494,'1-PCL-PD-CP-12-1','2-PCL-PD',7,0.06,0,'Dispose'),(495,'1-PCL-PD-CP-13-1','2-PCL-PD',7,0.06,0,'Dispose'),(496,'1-PCL-PD-CP-14-1','2-PCL-PD',7,0.06,0,'Dispose'),(497,'1-PCL-PD-CP-15-1','2-PCL-PD',7,0.06,0,'Dispose'),(498,'1-PCL-PD-CP-16-1','2-PCL-PD',7,0.06,0,'Dispose'),(499,'1-PCL-PD-CS-10-1','2-PCL-PD',6,0.06,0,'Dispose'),(500,'1-PCL-PD-CS-11-1','2-PCL-PD',6,0.06,0,'Dispose'),(501,'1-PCL-PD-CS-12-1','2-PCL-PD',6,0.06,0,'Dispose'),(502,'1-PCL-PD-CS-13-1','2-PCL-PD',6,0.06,0,'Dispose'),(503,'1-PCL-PD-CS-14-1','2-PCL-PD',6,0.06,0,'Dispose'),(504,'1-PCL-PD-CS-15-1','2-PCL-PD',6,0.06,0,'Dispose'),(505,'1-PCL-PD-CS-16-1','2-PCL-PD',6,0.06,0,'Dispose'),(506,'1-PCL-PD-CS-3-1','2-PCL-PD',6,0.06,0,'Dispose'),(507,'1-PCL-PD-CS-4-1','2-PCL-PD',6,0.06,0,'Dispose'),(508,'1-PCL-PD-CS-5-1','2-PCL-PD',6,0.06,0,'Dispose'),(509,'1-PCL-PD-CS-6-1','2-PCL-PD',6,0.06,0,'Dispose'),(510,'1-PCL-PD-CS-7-1','2-PCL-PD',6,0.06,0,'Dispose'),(511,'1-PCL-PD-CS-8-1','2-PCL-PD',6,0.06,0,'Dispose'),(512,'1-PCL-PD-CS-9-1','2-PCL-PD',6,0.06,0,'Dispose'),(513,'1-PCL-PD-CR-10-1','2-PCL-PD',6,0.06,0,'Dispose'),(514,'1-PCL-PD-CR-11-1','2-PCL-PD',6,0.06,0,'Dispose'),(515,'1-PCL-PD-CR-12-1','2-PCL-PD',6,0.06,0,'Dispose'),(516,'1-PCL-PD-CR-13-1','2-PCL-PD',6,0.06,0,'Dispose'),(517,'1-PCL-PD-CR-14-1','2-PCL-PD',6,0.06,0,'Dispose'),(518,'1-PCL-PD-CR-15-1','2-PCL-PD',6,0.06,0,'Dispose'),(519,'1-PCL-PD-CR-16-1','2-PCL-PD',6,0.06,0,'Dispose'),(520,'1-PCL-PD-CR-3-1','2-PCL-PD',6,0.06,0,'Dispose'),(521,'1-PCL-PD-CR-4-1','2-PCL-PD',6,0.06,0,'Dispose'),(522,'1-PCL-PD-CR-5-1','2-PCL-PD',6,0.06,0,'Dispose'),(523,'1-PCL-PD-CR-6-1','2-PCL-PD',6,0.06,0,'Dispose'),(524,'1-PCL-PD-CR-7-1','2-PCL-PD',6,0.06,0,'Dispose'),(525,'1-PCL-PD-CR-8-1','2-PCL-PD',6,0.06,0,'Dispose'),(526,'1-PCL-PD-CR-9-1','2-PCL-PD',6,0.06,0,'Dispose'),(527,'1-PCL-PD-SR-3-1','2-PCL-PD',7,0.06,0,'Dispose'),(528,'1-PCL-PD-SR-4-1','2-PCL-PD',7,0.06,0,'Dispose'),(529,'1-PCL-PD-SR-5-1','2-PCL-PD',7,0.06,0,'Dispose'),(530,'1-PCL-PD-SR-6-1','2-PCL-PD',7,0.06,0,'Dispose'),(531,'1-PCL-PD-SR-7-1','2-PCL-PD',7,0.06,0,'Dispose'),(532,'1-PCL-PD-SR-8-1','2-PCL-PD',7,0.06,0,'Dispose'),(533,'1-PCL-PD-SR-9-1','2-PCL-PD',7,0.06,0,'Dispose'),(534,'1-PCL-PD-SR-10-1','2-PCL-PD',7,0.06,0,'Dispose'),(535,'1-PCL-PD-SR-11-1','2-PCL-PD',7,0.06,0,'Dispose'),(536,'1-PCL-PD-SR-12-1','2-PCL-PD',7,0.06,0,'Dispose'),(537,'1-PCL-PD-SR-13-1','2-PCL-PD',7,0.06,0,'Dispose'),(538,'1-PCL-PD-SR-14-1','2-PCL-PD',7,0.06,0,'Dispose'),(539,'1-PCL-PD-SR-15-1','2-PCL-PD',7,0.06,0,'Dispose'),(540,'1-PCL-PD-SR-16-1','2-PCL-PD',7,0.06,0,'Dispose'),(541,'1-PCL-PD-TF-3-1','2-PCL-PD',7,0.06,0,'Dispose'),(542,'1-PCL-PD-TF-4-1','2-PCL-PD',7,0.06,0,'Dispose'),(543,'1-PCL-PD-TF-5-1','2-PCL-PD',7,0.06,0,'Dispose'),(544,'1-PCL-PD-TF-6-1','2-PCL-PD',7,0.06,0,'Dispose'),(545,'1-PCL-PD-TF-7-1','2-PCL-PD',7,0.06,0,'Dispose'),(546,'1-PCL-PD-TF-8-1','2-PCL-PD',7,0.06,0,'Dispose'),(547,'1-PCL-PD-TF-9-1','2-PCL-PD',7,0.06,0,'Dispose'),(548,'1-PCL-PD-TF-10-1','2-PCL-PD',7,0.06,0,'Dispose'),(549,'1-PCL-PD-TF-11-1','2-PCL-PD',7,0.06,0,'Dispose'),(550,'1-PCL-PD-TF-12-1','2-PCL-PD',7,0.06,0,'Dispose'),(551,'1-PCL-PD-TF-13-1','2-PCL-PD',7,0.06,0,'Dispose'),(552,'1-PCL-PD-TF-14-1','2-PCL-PD',7,0.06,0,'Dispose'),(553,'1-PCL-PD-TF-15-1','2-PCL-PD',7,0.06,0,'Dispose'),(554,'1-PCL-PD-TF-16-1','2-PCL-PD',7,0.06,0,'Dispose'),(555,'1-PCL-PD-CI-3-1','2-PCL-PD',7,0.06,0,'Dispose'),(556,'1-PCL-PD-CI-4-1','2-PCL-PD',7,0.06,0,'Dispose'),(557,'1-PCL-PD-CI-5-1','2-PCL-PD',7,0.06,0,'Dispose'),(558,'1-PCL-PD-CI-6-1','2-PCL-PD',7,0.06,0,'Dispose'),(559,'1-PCL-PD-CI-7-1','2-PCL-PD',7,0.06,0,'Dispose'),(560,'1-PCL-PD-CI-8-1','2-PCL-PD',7,0.06,0,'Dispose'),(561,'1-PCL-PD-CI-9-1','2-PCL-PD',7,0.06,0,'Dispose'),(562,'1-PCL-PD-CI-10-1','2-PCL-PD',7,0.06,0,'Dispose'),(563,'1-PCL-PD-CI-11-1','2-PCL-PD',7,0.06,0,'Dispose'),(564,'1-PCL-PD-CI-12-1','2-PCL-PD',7,0.06,0,'Dispose'),(565,'1-PCL-PD-CI-13-1','2-PCL-PD',7,0.06,0,'Dispose'),(566,'1-PCL-PD-CI-14-1','2-PCL-PD',7,0.06,0,'Dispose'),(567,'1-PCL-PD-CI-15-1','2-PCL-PD',7,0.06,0,'Dispose'),(568,'1-PCL-PD-CI-16-1','2-PCL-PD',7,0.06,0,'Dispose'),(569,'1-PCL-SD-SR-3-1','2-PCL-SD-M',3,0.00,0,'Dispose'),(570,'1-PCL-SD-SR-4-1','2-PCL-SD-M',3,0.00,0,'Dispose'),(571,'1-PCL-SD-SR-5-1','2-PCL-SD-M',3,0.00,0,'Dispose'),(572,'1-PCL-SD-SR-6-1','2-PCL-SD-M',3,0.00,0,'Dispose'),(573,'1-PCL-SD-SR-7-1','2-PCL-SD-M',3,0.00,0,'Dispose'),(574,'1-PCL-SD-SR-8-1','2-PCL-SD-M',3,0.00,0,'Dispose'),(575,'1-PCL-SD-SR-9-1','2-PCL-SD-M',3,0.00,0,'Dispose'),(576,'1-PCL-SD-SR-10-1','2-PCL-SD-M',3,0.00,0,'Dispose'),(577,'1-PCL-SD-SR-11-1','2-PCL-SD-M',3,0.00,0,'Dispose'),(578,'1-PCL-SD-SR-12-1','2-PCL-SD-M',3,0.00,0,'Dispose'),(579,'1-PCL-SD-SR-13-1','2-PCL-SD-M',3,0.00,0,'Dispose'),(580,'1-PCL-SD-SR-14-1','2-PCL-SD-M',3,0.00,0,'Dispose'),(581,'1-PCL-SD-SR-15-1','2-PCL-SD-M',3,0.00,0,'Dispose'),(582,'1-PCL-SD-SR-16-1','2-PCL-SD-M',3,0.00,0,'Dispose'),(583,'1-PCL-SP-SR-B1','2-PCL-SP',4,0.00,0,'Dispose'),(584,'1-PCL-SP-SR-B2','2-PCL-SP',4,0.00,0,'Dispose'),(585,'1-PCL-SP-SR-B3','2-PCL-SP',4,0.00,0,'Dispose'),(586,'1-PCL-SP-SR-B4','2-PCL-SP',4,0.00,0,'Dispose'),(587,'1-PCL-SP-SR-B5','2-PCL-SP',4,0.00,0,'Dispose'),(588,'1-PCL-SP-SR-B6','2-PCL-SP',4,0.00,0,'Dispose'),(589,'1-PCL-SD-SR-B1','2-PCL-SD',3,0.00,0,'Dispose'),(590,'1-PCL-SD-SR-B2','2-PCL-SD',3,0.00,0,'Dispose'),(591,'1-PCL-SD-SR-B3','2-PCL-SD',3,0.00,0,'Dispose'),(592,'1-PCL-CR-TF-B1','2-PCL-CR',5,0.00,0,'Dispose'),(593,'1-PCL-CR-TF-B2','2-PCL-CR',5,0.00,0,'Dispose'),(594,'1-PCL-CR-TF-B3','2-PCL-CR',5,0.00,0,'Dispose'),(595,'1-PCL-CR-TF-B4','2-PCL-CR',5,0.00,0,'Dispose'),(596,'1-PCL-CR-TF-B5','2-PCL-CR',5,0.00,0,'Dispose'),(597,'1-PCL-CR-TF-B6','2-PCL-CR',5,0.00,0,'Dispose'),(598,'1-PCL-CR-TF-B7','2-PCL-CR',5,0.00,0,'Dispose'),(599,'1-PCL-CR-TF-B8','2-PCL-CR',5,0.00,0,'Dispose'),(600,'1-PCL-CR-TF-B9','2-PCL-CR',5,0.00,0,'Dispose'),(601,'1-PCL-CR-TF-B10','2-PCL-CR',5,0.00,0,'Dispose'),(602,'1-PCL-CR-TF-B11','2-PCL-CR',5,0.00,0,'Dispose'),(603,'1-PCL-CR-TF-B12','2-PCL-CR',5,0.00,0,'Dispose'),(604,'1-PCL-CR-TF-B13','2-PCL-CR',5,0.00,0,'Dispose'),(605,'1-PCL-CR-TF-B14','2-PCL-CR',5,0.00,0,'Dispose'),(606,'2-PCL-WR-1','2-PCL-WR',1,8.00,0,'Collection'),(607,'2-PCL-CR-2','2-PCL-CR',5,8.00,0,'Collection'),(608,'2-PCL-TR-3','2-PCL-TR',2,8.00,0,'Collection'),(609,'2-PCL-TR-4','2-PCL-TR',2,8.00,0,'Collection'),(610,'2-PCL-TR-5','2-PCL-TR',2,8.00,0,'Collection'),(611,'2-PCL-TR-6','2-PCL-TR',2,8.00,0,'Collection'),(612,'2-PCL-TR-7','2-PCL-TR',2,8.00,0,'Collection'),(613,'2-PCL-PD-8','2-PCL-PD',6,8.00,0,'Collection'),(614,'2-PCL-SD-9','2-PCL-SD',3,8.00,0,'Collection'),(615,'2-PCL-SP-4','2-PCL-SP',4,8.00,0,'Collection'),(617,'2-PCL-SP-5','2-PCL-SP',4,8.00,0,'Collection'),(618,'2-PCL-SP-6','2-PCL-SP',4,8.00,0,'Collection'),(619,'2-PCL-SP-7','2-PCL-SP',4,8.00,0,'Collection'),(620,'2-PCL-SP-8','2-PCL-SP',4,8.00,0,'Collection'),(621,'2-PCL-SP-9','2-PCL-SP',4,8.00,0,'Collection'),(622,'2-PCL-SP-10','2-PCL-SP',4,8.00,0,'Collection'),(623,'2-PCL-SP-11','2-PCL-SP',4,8.00,0,'Collection'),(624,'2-PCL-SP-12','2-PCL-SP',4,8.00,0,'Collection'),(625,'2-PCL-SP-13','2-PCL-SP',4,8.00,0,'Collection'),(626,'2-PCL-SP-14','2-PCL-SP',4,8.00,0,'Collection'),(627,'2-PCL-SP-15','2-PCL-SP',4,8.00,0,'Collection'),(628,'2-PCL-SP-16','2-PCL-SP',4,8.00,0,'Collection'),(629,'2-PCL-SP-3','2-PCL-SP',4,8.00,0,'Collection');
/*!40000 ALTER TABLE `container` ENABLE KEYS */;
UNLOCK TABLES;

--
-- Table structure for table `disposewaste`
--

DROP TABLE IF EXISTS `disposewaste`;
/*!40101 SET @saved_cs_client     = @@character_set_client */;
/*!40101 SET character_set_client = utf8 */;
CREATE TABLE `disposewaste` (
  `id` int(11) NOT NULL AUTO_INCREMENT,
  `Idbadge` int(11) NOT NULL,
  `Idcontainer` int(11) NOT NULL,
  `Idwaste` int(11) NOT NULL,
  `CreatedAt` int(11) NOT NULL,
  `neto` decimal(10,0) NOT NULL,
  PRIMARY KEY (`id`)
) ENGINE=InnoDB DEFAULT CHARSET=utf8mb4 COLLATE=utf8mb4_general_ci;
/*!40101 SET character_set_client = @saved_cs_client */;

--
-- Dumping data for table `disposewaste`
--

LOCK TABLES `disposewaste` WRITE;
/*!40000 ALTER TABLE `disposewaste` DISABLE KEYS */;
/*!40000 ALTER TABLE `disposewaste` ENABLE KEYS */;
UNLOCK TABLES;

--
-- Table structure for table `employee`
--

DROP TABLE IF EXISTS `employee`;
/*!40101 SET @saved_cs_client     = @@character_set_client */;
/*!40101 SET character_set_client = utf8 */;
CREATE TABLE `employee` (
  `id` int(11) NOT NULL AUTO_INCREMENT,
  `username` varchar(100) NOT NULL,
  `isactive` int(11) NOT NULL,
  `badgeId` int(11) NOT NULL,
  PRIMARY KEY (`id`),
  KEY `badgeId` (`badgeId`)
) ENGINE=InnoDB AUTO_INCREMENT=131 DEFAULT CHARSET=utf8mb4 COLLATE=utf8mb4_general_ci;
/*!40101 SET character_set_client = @saved_cs_client */;

--
-- Dumping data for table `employee`
--

LOCK TABLES `employee` WRITE;
/*!40000 ALTER TABLE `employee` DISABLE KEYS */;
INSERT INTO `employee` VALUES (1,'Admin',1,123),(2,'Rennu',1,940265),(3,'Ricky',1,939256),(4,'Rizky',1,939270),(5,'LINDA ESRA GINTING',1,902290),(6,'SURYATI SAMOSIR',1,903068),(7,'REHULINA',1,908739),(8,'HERTI MELIANA SIAGIAN',1,920151),(9,'KORLINA GURNING',1,921380),(10,'LASTIAR SITORUS',1,922776),(11,'NELIDA',1,924211),(12,'SAINUR DONGORAN',1,925073),(13,'YANTI SAMOSIR',1,925142),(14,'BIMA SURYA I.F. SIMANULLANG',1,925156),(15,'ELISABETH JULIANI SIANTURI',1,928279),(16,'SUMARLINA',1,935674),(17,'WELMAN VICTOR SILITONGA',1,936921),(18,'INDRA FRANS MANURUNG',1,937119),(19,'MUHAMMAD JEMI SANDRA PUTRA',1,938295),(20,'GERRY MARTIN HAREFA',1,938617),(21,'JULIAN RINJANI PUTRA',1,938999),(22,'EFRAIM FAHRIANSYAH',1,939063),(23,'PALENTINA ULI BR SIMANUNGKALIT',1,940855),(24,'ILMINAFIAN KHAZANAH',1,940927),(25,'MUHAMMAD ARYA GUMA NAIRO',1,940948),(26,'IKSAN MAULANA',1,940949),(27,'AYU AKSARI SIANTURI',1,940991),(28,'FAIQAL ADITYA RAMADHAN',1,940993),(29,'ANDIKAYUZANO',1,941253),(30,'ALFANDY NURRAHMAN',1,941336),(31,'GADZA FAHREZA',1,941768),(32,'ARIF BUDI SANTOSO',1,938013),(33,'ALDIER GRAHITOLAKSONO',1,938287),(34,'GOKLAS NABABAN',1,938653),(35,'PEBRI RADIANSYAH',1,938892),(36,'TONY AFRIADI',1,938894),(37,'VITO WIJAYA',1,939639),(38,'LEONARDO MANULLANG',1,939881),(39,'ERVAN AGUNG WIBAWA',1,940108),(40,'ABDUL AHDI',1,940201),(41,'BUSTAMI A. SIMAMORA',1,940318),(42,'JEFRIYANTO',1,940320),(43,'JIMMI HENDRO HARIANJA',1,940321),(44,'MARULI TUA PASARIBU',1,940322),(45,'RIO AFRIANSYAH',1,940323),(46,'UNTUNG PASKA LUMBAN GAOL',1,940324),(47,'CHARLIN BRILLIANT GEA',1,940590),(48,'DEDY GALEH PAMUNGKAS',1,940591),(49,'WAWAN FAUZI TAMAMI',1,940593),(50,'ANGGA MUDA PERSADA SINAGA',1,940594),(51,'RYAN LEONAR SAPUTRA GINTING',1,940650),(52,'STEVANUS JOHANNES PARDEDE',1,940689),(53,'FENDI PRADANA',1,940761),(54,'INDRA LEO CANDRA SIMANJUNTAK',1,940762),(55,'RICKY SAPUTRA SIHOMBING',1,940764),(56,'MAULANA MACHRUS',1,940790),(57,'FERNANDO AUKILA SIAGIAN',1,940858),(58,'JOSUA CRISTIAN TAMBUNAN',1,940860),(59,'ROBYANTO',1,940862),(60,'A. LIAT',1,941005),(61,'MUHAMMAD ROSYID AR RIDHO',1,941010),(62,'RICHAL AHMAD',1,941011),(63,'RISWADI SILABAN',1,941012),(64,'MUHAMMAD ABDUR ROHMAN',1,941124),(65,'ABIELL ARSYIL NABAWI',1,941158),(66,'M. DENDI OKTORA',1,941162),(67,'FARHATTA ADE AULIA',1,941193),(68,'IRFAN RIZKY ARTA HARISON',1,941194),(69,'JOY CALVIN ALEXANDER TAMBUNAN',1,941198),(70,'NANANG ANDRIANA',1,941204),(71,'ANDRY HIDAYAT',1,941223),(72,'BAGUS DEDI PAMUNGKAS',1,941224),(73,'NANANG SETIYAWAN',1,941225),(74,'REVA INDRIA SUHADA',1,941226),(75,'TITO RELY CHRISTO S',1,941233),(76,'RAMDAN WAHYU SYAH PUTRA',1,941282),(77,'RIZQI ARSY AKBARI DITA PUTRA',1,941283),(78,'AHMAD FADEL',1,941546),(79,'IRFAN KENEDI',1,941547),(80,'KELVIN LEE',1,941548),(81,'MICHAEL LUMBAN TOBING',1,941549),(82,'ROLAS CALVIN SIREGAR',1,941550),(83,'INDRA ARDISON TAMBA',1,941551),(84,'DANUR TOTOK PAMUNGKAS',1,941579),(85,'PERSUS NAINGGOLAN',1,941581),(86,'AGUS SETIAWAN',1,941593),(87,'BRELLIANT KAUTSAR',1,941594),(88,'EFFRAT DERIUX BEUHARNAIS LIUSTIN M.',1,941595),(89,'RIYAD RAMADAN',1,941596),(90,'ALIF IKHSAN HERIYADI',1,941640),(91,'FANTONI JULIANTO',1,941641),(92,'FELIX LABORA JYMY THEY',1,941642),(93,'GEOVANI RAHMAD',1,941643),(94,'GHUFRON PRIANGGORO',1,941644),(95,'JHONATAN SITUMEANG',1,941645),(96,'MUHAMMAD RAMADHAN PULUNGAN',1,941646),(97,'MUHAMMAD SYAIF WILDAN ALIF KHAN',1,941647),(98,'RESMAN SIMANJUNTAK',1,941648),(99,'RAHMAD AFRIZO',1,941749),(100,'REVI LIANDRI',1,941751),(101,'SYAFRI MARDANI',1,941752),(102,'FALMER ANDRIAN FRANSISCO SIANIPAR',1,941761),(103,'FREDRIK IVAN PESAKH NAINGGOLAN',1,941762),(104,'JHON SATRIA TURNIP',1,941763),(105,'RAINHART SITOHANG',1,941764),(106,'BINSAR PARSAULIAN SIMANJUNTAK',1,941776),(107,'CHANDRA PRATAMA SEMBIRING',1,941777),(108,'KARLOS MANGIRING TUA PASARIBU',1,941824),(109,'LUKI SUMANTRI',1,941825),(110,'KRISNA PRASETIAWAN',1,941834),(111,'JUAN ANANDA SIMATUPANG',1,941901),(112,'YANU DWIYANTORO',1,200010),(113,'NANA WIYATNA',1,200141),(114,'AHMAD ECHSANUDIN ALUTFI',1,200150),(115,'AKBAR SULAEMAN',1,200151),(116,'JOKO SUPRIYANTO',1,200154),(117,'DELPINA',1,925048),(118,'DONI PARULIAN',1,928266),(119,'YANUK RAHMAT',1,931058),(120,'JIDEN',1,937130),(121,'RAVINO AMANDA',1,938414),(122,'OPEN RIKSON SIMANULLANG',1,938837),(123,'RIZAL AGUS ARIANTO',1,939106),(124,'DOLI SILITONGA',1,939143),(125,'NICO PRIBADI SINAGA',1,939177),(126,'KRISMAN ZOARA ZEBUA',1,939675),(127,'NOVAL RISWANDI PUTRA',1,939676),(128,'CANDRA MARZUKI HUTAGAOL',1,939722),(129,'ARJUNI PASKALIS HASUGIAN',1,939976),(130,'AHSAN SIDIQ',1,939998);
/*!40000 ALTER TABLE `employee` ENABLE KEYS */;
UNLOCK TABLES;

--
-- Table structure for table `transaction`
--

DROP TABLE IF EXISTS `transaction`;
/*!40101 SET @saved_cs_client     = @@character_set_client */;
/*!40101 SET character_set_client = utf8 */;
CREATE TABLE `transaction` (
  `badgeId` int(11) NOT NULL,
  `idContainer` int(11) DEFAULT NULL,
  `idWaste` int(11) DEFAULT NULL,
  `recordDate` datetime NOT NULL DEFAULT current_timestamp(),
  `type` varchar(100) NOT NULL,
  `weight` decimal(10,2) DEFAULT NULL,
  `idscraplog` varchar(128) DEFAULT NULL,
  `status` varchar(48) CHARACTER SET utf8 COLLATE utf8_general_ci DEFAULT NULL,
  `fromContainer` varchar(100) CHARACTER SET utf8 COLLATE utf8_general_ci DEFAULT NULL,
  `toBin` varchar(100) CHARACTER SET utf8 COLLATE utf8_general_ci DEFAULT NULL,
  `id` int(11) NOT NULL AUTO_INCREMENT,
  PRIMARY KEY (`id`),
  KEY `badgeId` (`badgeId`),
  KEY `idContainer` (`idContainer`),
  KEY `idWaste` (`idWaste`),
  CONSTRAINT `transaction_ibfk_1` FOREIGN KEY (`badgeId`) REFERENCES `employee` (`badgeId`),
  CONSTRAINT `transaction_ibfk_2` FOREIGN KEY (`idContainer`) REFERENCES `container` (`containerId`) ON DELETE SET NULL ON UPDATE CASCADE,
  CONSTRAINT `transaction_ibfk_3` FOREIGN KEY (`idWaste`) REFERENCES `waste` (`id`) ON DELETE SET NULL ON UPDATE CASCADE
) ENGINE=InnoDB AUTO_INCREMENT=114 DEFAULT CHARSET=utf8mb4 COLLATE=utf8mb4_general_ci;
/*!40101 SET character_set_client = @saved_cs_client */;

--
-- Dumping data for table `transaction`
--

LOCK TABLES `transaction` WRITE;
/*!40000 ALTER TABLE `transaction` DISABLE KEYS */;
INSERT INTO `transaction` VALUES (939270,583,4,'2024-07-04 10:03:34','Dispose',14.92,'D84A127C0D504D7A8AC27E80F5EAB4FD','Done','1-PCL-SP-SR-B1','1-PCL-SP-SR-5-1',1),(939270,584,4,'2024-07-04 10:04:22','Dispose',7.21,'8223FC4BD5634AA0B8BE8868569D6F37','Done','1-PCL-SP-SR-B2','1-PCL-SP-SR-4-1',2),(939270,584,4,'2024-07-04 11:21:40','Dispose',7.21,NULL,NULL,NULL,NULL,3),(939270,589,3,'2024-07-04 10:23:31','Dispose',11.77,'E93305CC86A34E96ACC899C4C6F3BBA1','Done','1-PCL-SD-SR-B1','1-PCL-SD-SR-5-1',4),(939270,589,3,'2024-07-04 11:25:18','Dispose',11.77,NULL,NULL,NULL,NULL,5),(939270,615,4,'2024-07-04 12:11:57','Collection',7.00,NULL,NULL,NULL,NULL,6),(939270,457,2,'2024-07-04 12:27:41','Dispose',3.09,NULL,NULL,NULL,NULL,7),(939270,400,1,'2024-07-04 12:29:49','Dispose',1.54,NULL,NULL,NULL,NULL,8),(939270,400,1,'2024-07-04 12:32:31','Dispose',1.91,NULL,NULL,NULL,NULL,9),(939270,584,4,'2024-07-04 11:39:43','Dispose',2.46,'E29B7416196048E999913218306BD9BB','Done','1-PCL-SP-SR-B2','1-PCL-SP-SR-6-1',10),(939270,584,4,'2024-07-04 12:42:10','Dispose',2.46,NULL,NULL,NULL,NULL,11),(939270,437,2,'2024-07-04 12:56:44','Dispose',3.32,NULL,NULL,NULL,NULL,12),(939270,437,2,'2024-07-04 12:59:01','Dispose',3.69,NULL,NULL,NULL,NULL,13),(939270,400,1,'2024-07-05 01:33:15','Dispose',0.15,NULL,NULL,NULL,NULL,14),(939270,400,1,'2024-07-05 01:45:04','Dispose',0.15,NULL,NULL,NULL,NULL,15),(939270,400,1,'2024-07-05 01:51:31','Dispose',0.15,NULL,NULL,NULL,NULL,16),(939270,400,1,'2024-07-05 02:04:42','Dispose',0.15,NULL,NULL,NULL,NULL,17),(939270,400,1,'2024-07-05 02:24:04','Dispose',0.19,NULL,NULL,NULL,NULL,18),(939270,400,1,'2024-07-05 02:46:46','Dispose',0.19,NULL,NULL,NULL,NULL,19),(939270,400,1,'2024-07-05 02:48:45','Dispose',0.19,NULL,NULL,NULL,NULL,20),(939270,400,1,'2024-07-05 02:54:34','Dispose',0.34,NULL,NULL,NULL,NULL,21),(939270,400,1,'2024-07-05 03:02:28','Dispose',0.34,NULL,NULL,NULL,NULL,22),(939270,400,1,'2024-07-05 03:04:16','Dispose',0.34,NULL,NULL,NULL,NULL,23),(939270,400,1,'2024-07-05 03:19:40','Dispose',0.34,NULL,NULL,NULL,NULL,24),(939270,400,1,'2024-07-05 03:23:08','Dispose',0.34,NULL,NULL,NULL,NULL,25),(939270,400,1,'2024-07-05 03:30:29','Dispose',0.34,NULL,NULL,NULL,NULL,26),(939270,400,1,'2024-07-05 03:31:37','Dispose',0.34,NULL,NULL,NULL,NULL,27),(939270,400,1,'2024-07-05 03:33:05','Dispose',0.34,NULL,NULL,NULL,NULL,28),(939270,400,1,'2024-07-05 03:37:55','Dispose',0.34,NULL,NULL,NULL,NULL,29),(939270,400,1,'2024-07-05 03:38:44','Dispose',0.34,NULL,NULL,NULL,NULL,30),(939270,400,1,'2024-07-05 03:39:29','Dispose',0.34,NULL,NULL,NULL,NULL,31),(939270,606,1,'2024-07-05 03:46:26','Collection',8.51,NULL,NULL,NULL,NULL,32),(939270,400,1,'2024-07-05 03:53:43','Dispose',0.34,NULL,NULL,NULL,NULL,33),(939270,400,1,'2024-07-05 03:54:55','Dispose',0.34,NULL,NULL,NULL,NULL,34),(939270,400,1,'2024-07-05 03:55:37','Dispose',0.34,NULL,NULL,NULL,NULL,35),(939270,400,1,'2024-07-05 03:57:22','Dispose',0.34,NULL,NULL,NULL,NULL,36),(939270,400,1,'2024-07-05 03:59:27','Dispose',0.34,NULL,NULL,NULL,NULL,37),(939270,606,1,'2024-07-05 04:00:47','Collection',1.70,NULL,NULL,NULL,NULL,38),(939270,606,1,'2024-07-05 04:02:59','Collection',0.00,NULL,NULL,NULL,NULL,39),(939270,606,1,'2024-07-05 04:06:14','Collection',0.00,NULL,NULL,NULL,NULL,40),(939270,606,1,'2024-07-05 04:08:16','Collection',0.00,NULL,NULL,NULL,NULL,41),(939270,400,1,'2024-07-05 04:14:19','Dispose',0.34,NULL,NULL,NULL,NULL,42),(939270,400,1,'2024-07-05 04:16:30','Dispose',0.34,NULL,NULL,NULL,NULL,43),(939270,400,1,'2024-07-05 04:18:02','Dispose',0.34,NULL,NULL,NULL,NULL,44),(939270,400,1,'2024-07-05 04:19:23','Dispose',0.34,NULL,NULL,NULL,NULL,45),(939270,400,1,'2024-07-05 04:20:55','Dispose',0.34,NULL,NULL,NULL,NULL,46),(939270,400,1,'2024-07-05 04:22:14','Dispose',0.34,NULL,NULL,NULL,NULL,47),(939270,400,1,'2024-07-05 04:23:42','Dispose',0.34,NULL,NULL,NULL,NULL,48),(939270,400,1,'2024-07-05 04:24:48','Dispose',0.34,NULL,NULL,NULL,NULL,49),(939270,400,1,'2024-07-05 04:34:09','Dispose',0.34,NULL,NULL,NULL,NULL,50),(939270,400,1,'2024-07-05 04:39:08','Dispose',-0.06,NULL,NULL,NULL,NULL,51),(939270,400,1,'2024-07-05 04:41:08','Dispose',0.30,NULL,NULL,NULL,NULL,52),(939270,400,1,'2024-07-05 04:42:39','Dispose',0.30,NULL,NULL,NULL,NULL,53),(939270,400,1,'2024-07-05 04:43:33','Dispose',0.30,NULL,NULL,NULL,NULL,54),(939270,400,1,'2024-07-05 04:44:32','Dispose',0.30,NULL,NULL,NULL,NULL,55),(939270,400,1,'2024-07-05 04:45:36','Dispose',0.30,NULL,NULL,NULL,NULL,56),(939270,400,1,'2024-07-05 04:46:39','Dispose',0.30,NULL,NULL,NULL,NULL,57),(939270,400,1,'2024-07-05 04:48:08','Dispose',0.30,NULL,NULL,NULL,NULL,58),(939270,400,1,'2024-07-05 04:49:23','Dispose',0.30,NULL,NULL,NULL,NULL,59),(939270,400,1,'2024-07-05 04:50:21','Dispose',0.30,NULL,NULL,NULL,NULL,60),(939270,400,1,'2024-07-05 04:51:58','Dispose',0.30,NULL,NULL,NULL,NULL,61),(939270,400,1,'2024-07-05 04:52:58','Dispose',0.30,NULL,NULL,NULL,NULL,62),(939270,400,1,'2024-07-05 04:58:14','Dispose',0.30,NULL,NULL,NULL,NULL,63),(939270,400,1,'2024-07-05 05:02:00','Dispose',0.30,NULL,NULL,NULL,NULL,64),(939270,606,1,'2024-07-05 05:08:04','Collection',6.90,NULL,NULL,NULL,NULL,65),(939270,606,1,'2024-07-05 05:12:22','Collection',0.00,NULL,NULL,NULL,NULL,66),(939270,606,1,'2024-07-05 05:14:45','Collection',0.00,NULL,NULL,NULL,NULL,67),(939270,400,1,'2024-07-05 08:05:52','Dispose',0.08,NULL,NULL,NULL,NULL,68),(939270,400,1,'2024-07-05 08:07:14','Dispose',0.08,NULL,NULL,NULL,NULL,69),(939270,400,1,'2024-07-05 08:22:14','Dispose',0.08,NULL,NULL,NULL,NULL,70),(939270,400,1,'2024-07-05 08:24:12','Dispose',0.08,NULL,NULL,NULL,NULL,71),(939270,400,1,'2024-07-05 08:30:54','Dispose',0.08,NULL,NULL,NULL,NULL,72),(939270,400,1,'2024-07-05 08:33:50','Dispose',0.08,NULL,NULL,NULL,NULL,73),(939270,400,1,'2024-07-05 08:34:43','Dispose',0.08,NULL,NULL,NULL,NULL,74),(939270,400,1,'2024-07-05 08:35:46','Dispose',0.08,NULL,NULL,NULL,NULL,75),(939270,400,1,'2024-07-05 08:36:56','Dispose',0.08,NULL,NULL,NULL,NULL,76),(939270,400,1,'2024-07-05 08:37:47','Dispose',0.08,NULL,NULL,NULL,NULL,77),(939270,400,1,'2024-07-05 08:38:30','Dispose',0.08,NULL,NULL,NULL,NULL,78),(939270,400,1,'2024-07-05 08:39:15','Dispose',0.08,NULL,NULL,NULL,NULL,79),(939270,400,1,'2024-07-05 08:40:02','Dispose',0.08,NULL,NULL,NULL,NULL,80),(939270,400,1,'2024-07-05 08:40:59','Dispose',0.08,NULL,NULL,NULL,NULL,81),(939270,400,1,'2024-07-05 08:46:58','Dispose',0.08,NULL,NULL,NULL,NULL,82),(939270,606,1,'2024-07-05 08:49:49','Collection',1.20,NULL,NULL,NULL,NULL,83),(939270,400,1,'2024-07-05 09:06:34','Dispose',0.08,NULL,NULL,NULL,NULL,84),(939270,606,1,'2024-07-05 09:07:52','Collection',0.08,NULL,NULL,NULL,NULL,85),(939270,606,1,'2024-07-05 09:09:12','Collection',0.00,NULL,NULL,NULL,NULL,86),(939270,400,1,'2024-07-05 09:10:47','Dispose',0.08,NULL,NULL,NULL,NULL,87),(939270,606,1,'2024-07-05 09:11:10','Collection',0.08,NULL,NULL,NULL,NULL,88),(939270,400,1,'2024-07-05 09:12:57','Dispose',0.08,NULL,NULL,NULL,NULL,89),(939270,606,1,'2024-07-05 09:13:17','Collection',0.08,NULL,NULL,NULL,NULL,90),(939270,400,1,'2024-07-05 09:14:56','Dispose',0.08,NULL,NULL,NULL,NULL,91),(939270,606,1,'2024-07-05 09:15:35','Collection',0.08,NULL,NULL,NULL,NULL,92),(939270,606,1,'2024-07-05 09:16:45','Collection',0.00,NULL,NULL,NULL,NULL,93),(939270,583,4,'2024-07-05 08:24:26','Dispose',1.38,'9B814604754C4AD9A274F3EF6C0B4F9F','Done','1-PCL-SP-SR-B1','1-PCL-SP-SR-3-1',94),(939270,583,4,'2024-07-05 09:26:58','Dispose',3.38,NULL,NULL,NULL,NULL,95),(123,615,4,'2024-07-05 09:42:37','Collection',8.38,NULL,NULL,NULL,NULL,96),(123,629,4,'2024-07-05 10:56:16','Collection',3.00,NULL,NULL,NULL,NULL,97),(123,615,4,'2024-07-05 10:56:57','Collection',8.00,NULL,NULL,NULL,NULL,98),(123,629,4,'2024-07-05 10:57:41','Collection',3.00,NULL,NULL,NULL,NULL,99),(123,629,4,'2024-07-05 11:08:30','Collection',0.00,NULL,NULL,NULL,NULL,100),(123,615,4,'2024-07-05 11:09:10','Collection',0.00,NULL,NULL,NULL,NULL,101),(123,464,2,'2024-07-06 02:57:50','Dispose',11.23,NULL,NULL,NULL,NULL,102),(940265,318,1,'2024-07-06 03:02:23','Dispose',0.18,NULL,NULL,NULL,NULL,103),(939270,464,2,'2024-07-06 03:05:10','Dispose',11.20,NULL,NULL,NULL,NULL,104),(939270,319,1,'2024-07-06 03:06:12','Dispose',0.18,NULL,NULL,NULL,NULL,105),(939270,346,1,'2024-07-06 03:07:18','Dispose',0.18,NULL,NULL,NULL,NULL,106),(940265,544,7,'2024-07-06 03:10:14','Dispose',0.18,NULL,NULL,NULL,NULL,107),(940265,544,7,'2024-07-06 03:11:54','Dispose',0.17,NULL,NULL,NULL,NULL,108),(123,506,6,'2024-07-06 03:42:26','Dispose',5.07,NULL,NULL,NULL,NULL,109),(200010,583,4,'2024-07-06 03:13:38','',0.00,'Fail','Step-1','1-PCL-SP-SR-B1','1-PCL-SP-SR-5-1',110),(902290,583,4,'2024-07-06 03:25:37','',0.00,'56A5763832B34B83BFC54C2825F34912','Step-1','1-PCL-SP-SR-B1','1-PCL-SP-SR-5-1',111),(123,464,2,'2024-07-06 04:34:49','Dispose',2.74,NULL,NULL,NULL,NULL,112),(123,499,6,'2024-07-06 04:50:08','Dispose',11.99,NULL,NULL,NULL,NULL,113);
/*!40000 ALTER TABLE `transaction` ENABLE KEYS */;
UNLOCK TABLES;

--
-- Table structure for table `waste`
--

DROP TABLE IF EXISTS `waste`;
/*!40101 SET @saved_cs_client     = @@character_set_client */;
/*!40101 SET character_set_client = utf8 */;
CREATE TABLE `waste` (
  `id` int(11) NOT NULL AUTO_INCREMENT,
  `name` varchar(100) NOT NULL,
  `scales` varchar(255) NOT NULL,
  `createdAt` datetime NOT NULL,
  `updatedAt` datetime NOT NULL,
  `handletype` varchar(48) CHARACTER SET utf8 COLLATE utf8_general_ci DEFAULT NULL,
  `step1` bit(1) DEFAULT b'0',
  PRIMARY KEY (`id`)
) ENGINE=InnoDB AUTO_INCREMENT=8 DEFAULT CHARSET=utf8mb4 COLLATE=utf8mb4_general_ci;
/*!40101 SET character_set_client = @saved_cs_client */;

--
-- Dumping data for table `waste`
--

LOCK TABLES `waste` WRITE;
/*!40000 ALTER TABLE `waste` DISABLE KEYS */;
INSERT INTO `waste` VALUES (1,'Copper Wire','4Kg','2024-05-17 15:28:08','2024-05-17 15:28:08',NULL,'\0'),(2,'Copper Terminal','50Kg','0000-00-00 00:00:00','0000-00-00 00:00:00',NULL,'\0'),(3,'Solder Waste','50Kg','0000-00-00 00:00:00','0000-00-00 00:00:00',NULL,''),(4,'Solder Paste','50Kg','0000-00-00 00:00:00','0000-00-00 00:00:00','Rack',''),(5,'Cutting Copper Terminal','50Kg','0000-00-00 00:00:00','0000-00-00 00:00:00',NULL,''),(6,'Coil Reject (PCC)','50Kg','0000-00-00 00:00:00','0000-00-00 00:00:00',NULL,'\0'),(7,'Coil Reject (PCC)','4Kg','2024-07-04 07:58:28','2024-07-04 07:58:28',NULL,'\0');
/*!40000 ALTER TABLE `waste` ENABLE KEYS */;
UNLOCK TABLES;
/*!40103 SET TIME_ZONE=@OLD_TIME_ZONE */;

/*!40101 SET SQL_MODE=@OLD_SQL_MODE */;
/*!40014 SET FOREIGN_KEY_CHECKS=@OLD_FOREIGN_KEY_CHECKS */;
/*!40014 SET UNIQUE_CHECKS=@OLD_UNIQUE_CHECKS */;
/*!40101 SET CHARACTER_SET_CLIENT=@OLD_CHARACTER_SET_CLIENT */;
/*!40101 SET CHARACTER_SET_RESULTS=@OLD_CHARACTER_SET_RESULTS */;
/*!40101 SET COLLATION_CONNECTION=@OLD_COLLATION_CONNECTION */;
/*!40111 SET SQL_NOTES=@OLD_SQL_NOTES */;

-- Dump completed on 2024-07-07  8:31:26
